freq,20241216_1,20241216_2,20241216_3,20241216_4,20241216_5,20241217_1,20241217_2,20241217_3,20241217_4,20241217_5,mean,se
902.0,0.9406590207578128,1.008819116013554,,0.8919629965721021,0.8835342455196058,0.9721570505550764,0.9572818467190994,0.9089476465486396,,,0.9376231318122701,0.04224060407650739
902.4,0.9193549187438602,0.9424237548862556,1.01285718265357,0.96453285517693,0.898753427155831,0.9257542641104984,,1.0261461529484883,,1.032068568286734,0.9652363904952709,0.048796929296251394
902.8,1.0377222118528495,0.9344272292550516,0.9502761449930232,0.9488067887845006,,0.9508435510488996,,1.025488918240164,1.000338094935315,,0.9782718484442576,0.03887218599106277
903.2,0.9786115438302192,1.0356130346784294,1.0835792403152558,,1.0937228169160935,0.9500827374201491,,0.9781634204105538,0.984524430530314,1.0384531158205093,1.0178437924901904,0.04954127995114434
903.6,1.0311740486033991,0.9269906049262544,0.8779475635208785,0.8981543551758714,1.0227251317502006,0.9657946261278356,1.0748187718054432,0.9715663969417296,,0.8849928545146435,0.961573817040695,0.06633398909971909
904.0,,0.9289498497015328,1.041134560108791,0.9322630616027584,,0.9197234704822718,1.022436369992909,1.0180849363799642,1.0721943572519188,0.9559533446893588,0.986342493776188,0.05507172457689994
904.4,1.0048113902985745,0.9249170011818028,0.9684291573542536,0.96842872002531,0.9306406068118556,0.891953834415441,0.9660400879406535,,0.887863064007611,,0.9428854827544377,0.03835719087241921
904.7999999999998,,0.9136662202794452,0.9893119653425504,0.9565653155958824,0.9601012936854544,,0.97220034690052,,1.000980469704408,0.91522291332514,0.9582926464047715,0.031237905617290496
905.1999999999998,1.013023586797462,,1.000704040995204,1.027489129245036,,1.03473983399291,0.997172883228266,0.9087565762429104,,0.969315398750564,0.993028778464622,0.039762387096755634
905.5999999999998,0.9530119928400644,0.9272400145343088,0.897048382480908,0.9717180522786129,,0.9620297414289544,1.0587752196923472,0.9528912381541044,0.890305145542485,1.0089941673243878,0.9580015504751304,0.049727393663306106
905.9999999999998,0.9264394661604464,0.9477186658615252,1.0135057543046433,0.9127226842321144,1.0094523627282197,1.019681458976447,,0.9499245891879132,,0.991911717767945,0.9714195874024066,0.03946387505856822
906.3999999999996,0.9450854978347794,0.958249511979089,1.0047963673936129,0.9732102367854945,,1.144290020333157,0.9433119147732244,0.9703639946822784,0.9821772251726458,0.9958274356814774,0.9908124671817511,0.0577217549002456
906.7999999999996,0.8950653531332938,0.908957483685108,0.8800170580140595,0.8983159527309457,,,0.9524418162836854,0.9517411947842344,0.9431794191146288,0.937782602559663,0.9209376100382023,0.0267370430079726
907.1999999999996,0.9173128976529712,0.9203894977485816,0.8830952429644169,0.918253569072618,,0.9352299965538068,0.9655101287364556,0.8903484281659082,0.9513332403763616,0.935796670726732,0.924141074666428,0.025014870975358264
907.5999999999996,0.8969609207326009,0.9451693946975672,,0.9229396070796936,0.9092589274202392,0.93338367214752,0.9255902613296032,0.9455429058528748,,,0.9255493841800142,0.016628519480230114
907.9999999999995,0.91169557172663,,0.919072740413723,0.9067785463748932,0.9493339444244714,,,0.9399359254992786,0.9430466948556868,0.921648275410779,0.9273588141007802,0.01538716318917226
908.3999999999996,,0.8787025822713825,0.8299972958541415,0.8726686217620313,0.8662413727280939,0.8378291029204149,0.8440998164685514,0.845759688406432,,0.8711824459203469,0.8558101157914242,0.017252371568144888
908.7999999999996,0.7929247132265062,0.7834339274749724,0.7879019201402572,0.8062828707097507,0.7675770441082397,0.8432369369128796,,,0.8267669633135768,0.7853204265718203,0.7991806003072504,0.023338814502505887
909.1999999999996,0.6356168766126169,,0.5979384545559628,,0.5666711867326653,0.5575832847130979,,0.5175837552435179,0.5591518788371921,0.4776477136665977,0.55888473576595,0.047480271242527135
909.5999999999996,0.544189284514399,0.4948371072367504,,0.5109101061390454,0.4512752560856857,,0.4492950715408553,,0.3928116135086615,0.4862740153575229,0.4756560649118458,0.04562710943396831
909.9999999999995,,0.7311248174584604,0.6540692909964386,,0.7186546991424905,0.684070007475281,,0.6559563767853314,0.7022784434757915,0.7043359510170368,0.6929270837644044,0.027500120172637938
910.3999999999996,0.8112548980132972,0.7801226079491537,0.8620233789688557,0.8075444318013923,,0.8248935749056063,,0.8621762386445024,0.7980259654565492,0.8082278960098261,0.8192836239686478,0.02740416486532119
910.7999999999996,0.9142596377618032,,,0.8650230914009649,0.9099562179348292,0.8695834140773143,0.9240785170965083,,0.9141753853121862,0.8982685442586041,0.8993349725488872,0.021486324626628715
911.1999999999996,0.968455612698784,0.9320943519883136,,0.9170937186149254,,0.9135610180267132,,0.9532717218488452,0.9335121902769936,0.9326564750284192,0.9358064412118562,0.017908476631791046
911.5999999999996,0.9283002472680172,0.9866706737953184,,0.9100349658272502,0.9305399213464728,0.982860165551192,0.9724491013350308,0.9205440279734756,,0.9946464073068022,0.953255688800445,0.03192066088479007
911.9999999999994,0.960702743631703,0.9466004895372706,1.0405349158549035,0.9991441530464784,,0.9455626850467528,1.0095611116965828,0.9890909735198454,0.9348984206653306,0.9920395356603036,0.9797927809621301,0.03306565227143116
912.3999999999994,0.9780126881974052,0.9352360825610404,1.0021529455133324,,,1.0497833124796256,0.94357204494612,0.9966285723782182,0.9973057581202804,1.1016266194960642,1.0005397529615108,0.05085420208470058
912.7999999999994,,1.0096822211284875,1.0382260702630537,,1.0386349641435837,0.9824613265200224,0.9818401434286246,1.024385769530832,0.9995459673991808,,1.0106823517733976,0.022300247249052767
913.1999999999994,,0.9144257304204704,0.9969615043894589,0.9526987290877796,,0.9846564617351788,0.9714013056439128,0.9273508623099708,0.9817031032746087,,0.9613139566944829,0.02868377290222147
913.5999999999992,0.9752723971496586,0.9221509076558908,0.9494850553907186,0.9465691125939352,0.945134196042092,1.05473662457106,0.929683820733316,1.0046908670093746,1.0689435812163035,,0.9774073958180389,0.050783488360088454
913.9999999999992,1.0178684595056915,1.0617822690588494,1.0079990807997783,1.0305129782789006,,,1.0515654486130477,1.0251916775463168,1.103016476814664,0.958005345829992,1.0319927170559051,0.03970618304768526
914.3999999999992,0.9225548773595708,0.9315856307652052,,,1.0108935516546629,0.9974619051996816,0.9539584740021,1.0611418308049947,1.0454725060263,0.9700458300517344,0.9866393257330313,0.047694955299949174
914.7999999999992,0.9409534785449843,1.0079323505447733,0.9996473938368848,1.0280146412096975,0.9198575789208456,0.9845068970949904,0.9525828652366596,,0.9915220780265888,0.9633613682914928,0.9764865168563239,0.03280226344843217
915.1999999999992,1.0382022781731894,,0.9054934536362298,,0.9433324185665974,0.9714296456750254,0.9120526814471012,0.970986746152984,0.9102448129374476,0.99180040282256,0.9554428049263918,0.043639659385582175
915.5999999999992,0.995936530824974,0.9703673783608404,,1.0013618021388946,,1.0517767796093302,1.0032953169553542,0.9724049568818692,0.9671401368407232,1.0012070431980074,0.9954362431012491,0.025652104010035554
915.9999999999992,0.9987050152670373,1.013229499543487,0.9698942442814998,,0.9346142982310452,1.0176771981580828,,,,0.9929640084672252,0.9878473773247295,0.02838489695558433
916.3999999999992,1.0118406695106106,0.9131397793012216,0.9936770193466056,,0.9489631712576768,0.9790570325822594,,0.973870658703789,0.9485864069227924,0.9810872045401748,0.9687777427706412,0.02883878538703297
916.7999999999992,0.9860902575000596,0.9563971626067116,,0.955959735984106,0.9422795711203996,0.9655125732814842,,0.907419797516378,,0.9317268453517434,0.9493408490515547,0.02337010986364373
917.1999999999992,0.995980987071943,1.0477000837132635,,,,1.0613946474730922,1.02624792553215,1.0295828288502826,1.066342125095682,,1.0378747662894021,0.023871672823627826
917.5999999999992,0.98252612102237,,1.1399824711333637,0.9774722909128988,0.9621152284573856,0.9949780062883866,1.0299142560642731,1.0326432507843268,,,1.0170902320947148,0.05578570604145484
917.9999999999992,0.9941428004747932,,1.1146792806368504,1.1605952695584525,0.8781887387706877,0.9969128088099743,1.011522853585365,0.9169515268421792,0.9833167473372294,0.9290587769504302,0.9983743114406626,0.08572632568307201
