k,20241220,20250102,20250103,mean,se
-1.8858324392958183,0.2178267677750513,0.2500848836023451,0.282578017247284,0.2501632228748935,0.026434644942260218
-1.818481280749539,0.2091829113508191,0.2624367038940259,0.2820834824942372,0.2512343659130274,0.030797647101031733
-1.7511301222032598,0.2055254314475298,0.2386066914615999,0.28593943275131,0.2433571852201466,0.033000285803142015
-1.6837789636569804,0.204898608053411,0.2582589951739502,0.271218917499708,0.24479217357568972,0.02870089806066096
-1.6164278051107015,0.2278551155154982,0.2367285739038001,,0.23229184470964914,0.004436729194150946
-1.549076646564422,0.2185721012140076,0.2652693983712743,0.3046959896691307,0.26284582975147086,0.035201669508692274
-1.481725488018143,0.2225114095771133,0.2597091230623444,0.3185214585207855,0.2669139970534144,0.039525645948438604
-1.4143743294718636,0.2311380231084273,0.2634808039943079,0.3161139195773221,0.27024424889335247,0.03501936497948805
-1.3470231709255844,0.2340518062829394,0.2747320653594726,0.2981896439247841,0.268991171855732,0.026496967725998077
-1.2796720123793053,,0.293026929276697,0.302517701554308,0.29777231541550253,0.004745386138805513
-1.212320853833026,0.2311676034356719,0.280172983134529,0.3099199778933221,0.273753521487841,0.032469382876328924
-1.1449696952867467,0.2470895651454136,0.3046154169832594,0.3478911893041253,0.29986539047759947,0.04128893251313962
-1.0776185367404676,0.2455073392573308,0.3248771384033238,0.3448607240544498,0.3050817339050348,0.042908175577615816
-1.0102673781941884,0.26608334237227,0.3336922999202539,0.3486831354311541,0.3161529259078926,0.035929594894290505
-0.9429162196479092,0.2635879688228108,0.3265771897725029,0.3495010469829013,0.31322206852607165,0.036322937632352115
-0.8755650611016299,,0.3468443981349354,0.3555435789942541,0.3511939885645947,0.00434959042965935
-0.8082139025553507,,0.3578417559416355,0.358013530901352,0.35792764342149375,8.588747985827094e-05
-0.7408627440090715,,0.3540974804312911,0.3604463402717569,0.357271910351524,0.003174429920232924
-0.6735115854627922,0.2954748380534814,0.3596881414421611,0.3809500965651597,0.3453710253536007,0.03633400440569453
-0.6061604269165131,0.2922000648571901,0.3597098188367213,0.3797082555391944,0.34387271307770195,0.0374391176732419
-0.5388092683702338,,0.3662099261515905,0.3729636715562832,0.36958679885393686,0.0033768727023463507
-0.4714581098239546,,0.3730590588887321,0.3827077230852981,0.37788339098701507,0.004824332098283007
-0.4041069512776754,0.306495367389509,0.3598105984071675,0.3937537002450803,0.3533532220139189,0.03591450445708048
-0.3367557927313961,0.3201021933776918,0.3495015995137874,0.4044792961041502,0.3580276963318765,0.03497041236380071
-0.2694046341851169,0.3195866595707035,0.3757093440818944,0.402632744660218,0.3659762494376053,0.03459492169562596
-0.2020534756388377,0.3206630985616905,0.3623958918301553,0.4168378701952221,0.366632286862356,0.03937729427679637
-0.1347023170925584,0.3230726332226801,0.3969635805975136,0.4164570746948489,0.3788310961716808,0.04022232979210287
-0.0673511585462792,0.3248064185803348,0.3902578027038889,0.4171409144115281,0.37740171189858396,0.03877605862037251
0.0,0.3104015934837933,0.387556273999073,0.4113152106583473,0.3697576927137379,0.04307730767384858
0.0673511585462792,0.3103614015098502,0.3705846771357523,0.4067327528948045,0.362559610513469,0.03975056068920829
0.1347023170925584,0.3225186428435233,0.3606630115647612,0.3980457744032771,0.3604091429371872,0.030834344891923576
0.2020534756388377,0.325735559159289,0.377764596286746,0.3898408351490491,0.36444699686502807,0.02781355117203167
0.2694046341851169,0.3056894145385452,0.3619103183931914,0.4034928910694814,0.3570308746670727,0.040076898862824666
0.3367557927313961,,0.3713021075947853,0.3829953588980432,0.3771487332464143,0.0058466256516289394
0.4041069512776754,0.2828050373437228,0.3566978395690988,0.3760830257121924,0.338528634208338,0.040189433073037246
0.4714581098239546,0.2808876129073298,0.3440592192028449,0.3771085868181203,0.3340184729760984,0.03991851194352233
0.5388092683702338,0.2763287605657193,0.3245168516733679,0.3692332283056866,0.32335961351492465,0.03793691633601036
0.6061604269165131,,0.3381495411855969,0.3512892532156131,0.344719397200605,0.006569856015008091
0.6735115854627922,0.264089137419475,0.3203967449155607,0.3707624901667114,0.318416124167249,0.0435717277638881
0.7408627440090715,0.2345386808157882,0.3017446026982707,0.3454710411399598,0.29391810821800624,0.045624829889437536
0.8082139025553507,,0.3097244294892198,0.3217715600085514,0.3157479947488856,0.006023565259665797
0.8755650611016299,0.2294100829102999,0.306807730447751,0.3249075710464414,0.28704179480149744,0.041416274732340025
0.9429162196479092,,0.3160930276665125,0.31977433097738,0.31793367932194627,0.0018406516554337615
1.0102673781941884,,0.299750021998285,0.3148447248160229,0.3072973734071539,0.007547351408868946
1.0776185367404676,0.1941505086273121,0.2806131814627723,0.2999073580544377,0.2582236827148407,0.04598619387617442
1.1449696952867467,,0.2859901992703829,0.2895012687325295,0.2877457340014562,0.001755534731073316
1.212320853833026,0.1949580102036321,0.2801798595440291,0.3000243174954305,0.2583873957476972,0.04557715685676674
1.2796720123793053,0.189754219608021,0.2653370912290005,0.2926044779385307,0.24923192959185073,0.043505371953221184
1.3470231709255844,0.1976982052093613,0.2305506545900603,0.3026756672148006,0.24364150900474071,0.0438451421425881
1.4143743294718636,,0.2630381902726181,0.2757344095700717,0.2693862999213449,0.006348109648726813
1.481725488018143,0.1377975482815301,0.1791542582610125,0.280846294320708,0.19926603362108355,0.06010600949958207
1.549076646564422,0.1361803140304752,0.209656469302118,0.279072031707167,0.20830293834658672,0.058343150295954674
1.6164278051107015,0.0976808773040103,0.2333976775581679,0.2736205496155395,0.20156636815923923,0.07527113774796558
1.6837789636569804,0.1066325243785402,0.2295176243998682,0.2587679045253903,0.1983060177679329,0.06591366456467453
1.7511301222032598,0.1038337643705622,0.2030828265331362,0.2320906450127462,0.17966907863881487,0.05491575093334629
1.818481280749539,0.1107087635921102,0.2374983112505573,0.2785220422189562,0.2089097056872079,0.0714297108908025
